id,time,A,B
1,2019/1/26 8:52,3.797676374,8.432959554
1,2019/1/29 14:59,,4.157218946
1,2019/1/13 0:01,6.51669369,4.922486534
1,2019/2/1 0:27,2.627256479,
1,2019/3/26 0:32,8.939391409,
2,2019/1/1 0:14,,6.449301775
2,2019/1/26 0:52,3.629338202,1.529292429
2,2019/2/4 0:05,4.299086208,
2,2019/2/28 0:51,,3.140770263
2,2019/3/1 0:44,6.353059334,5.926423976